﻿<parameters>
  <parameter name="IIS Web Application Name" defaultValue="ContosoMomentsMobileWeb" tags="IisApp">
    <parameterEntry kind="ProviderPath" scope="IisApp" match="^C:\\Git\\ContosoMoments\\ContosoMoments\\Cloud\\ContosoMoments\.MobileServer\\obj\\Release\\Package\\PackageTmp$" />
    <parameterEntry kind="ProviderPath" scope="setAcl" match="^C:\\Git\\ContosoMoments\\ContosoMoments\\Cloud\\ContosoMoments\.MobileServer\\obj\\Release\\Package\\PackageTmp$" />
  </parameter>
  <parameter name="MS_TableConnectionString-Web.config Connection String" defaultValue="Server=tcp:nlburre1pr.database.windows.net,1433;Database=contosoMoments;User ID=dbadmin@nlburre1pr;Password=P@ssword!;Trusted_Connection=False;Encrypt=True;Connection Timeout=30;">
    <parameterEntry kind="XmlFile" scope="C:\\Git\\ContosoMoments\\ContosoMoments\\Cloud\\ContosoMoments\.MobileServer\\obj\\Release\\Package\\PackageTmp\\Web\.config$" match="/configuration/connectionStrings/add[@name='MS_TableConnectionString']/@connectionString" />
  </parameter>
  <parameter name="StorageConnectionString-Web.config Connection String" defaultValue="UseDevelopmentStorage=true">
    <parameterEntry kind="XmlFile" scope="C:\\Git\\ContosoMoments\\ContosoMoments\\Cloud\\ContosoMoments\.MobileServer\\obj\\Release\\Package\\PackageTmp\\Web\.config$" match="/configuration/connectionStrings/add[@name='StorageConnectionString']/@connectionString" />
  </parameter>
</parameters>